;Graphique n° 10 : contribution des dépenses à l’évolution du solde structurel annuel de la sécurité sociale (2000-2016, hors SRE);Unnamed: 1;Unnamed: 2;Unnamed: 3;Unnamed: 4;Unnamed: 5;Unnamed: 6;Unnamed: 7;Unnamed: 8;Unnamed: 9;Unnamed: 10;Unnamed: 11;Unnamed: 12;Unnamed: 13;Unnamed: 14;Unnamed: 15;Unnamed: 16;Unnamed: 17;Unnamed: 18;Unnamed: 19;Unnamed: 20;Unnamed: 21
0;;;;;;;;;;;;;;;;;;;;;;
1;;;;;;;;;;;;;;;;;;;;;;
2;;;;;;;;;;;;;;;;;;;;;;
3;;1999.0;2000.0;2001.0;2002.0;2003.0;2004.0;2005.0;2006.0;2007.0;2008.0;2009.0;2010.0;2011.0;2012.0;2013.0;2014.0;2015.0;2016.0;;;
4;;;;;;;;;;;;;;;;;;;;;;
5;;;;;;;;;;;;;;;;;;;;;;
6;solde structurel des régimes de base et du FSV (en Md€ - échelle de droite);1.3514993081213127;-1.9193121565122817;-1.8520130959623728;-7.232596084802346;-11.404744584490112;-14.908639202194333;-16.61617338825055;-14.981752577836533;-18.000433877303212;-14.506441565127053;-15.378459922134438;-22.61709741574922;-18.189266642254417;-12.313725888476997;-6.752018190706701;-2.866984709337225;-0.8626797808060183;2.5889681348854032;6.42380254975998;-0.5;5.8999999999999995
7;contribution des dépenses aux variations annuelles du solde structurel (Md€ - échelle de gauche);;-2.332486270131692;-1.6123605937053551;-3.7973402061374824;-3.440332846111782;-3.427793988454144;-2.96260694288089;-1.3817955185586697;-1.0301014241868374;-0.3032091017133574;-7.194230218523003;-2.5688166682060047;-3.3088817086276245;-2.278496289617948;-2.7690435517567256;-2.0001280609740824;0.929612453287519;2.3836020000000016;5.101821999999999;;
8;contributions cumulées (Md€ - échelle de droite);0.0;-2.332486270131692;-3.9448468638370473;-7.74218706997453;-11.182519916086312;-14.610313904540456;-17.572920847421347;-18.954716365980016;-19.984817790166854;-20.28802689188021;-27.482257110403214;-30.05107377860922;-33.359955487236846;-35.638451776854794;-38.40749532861152;-40.4076233895856;-39.478010936298084;-37.09440893629808;;;
