;Graphique n° 5 : évolution des soldes des régimes de base et du FSV (2000-2016);Unnamed: 1;Unnamed: 2;Unnamed: 3;Unnamed: 4;Unnamed: 5;Unnamed: 6;Unnamed: 7;Unnamed: 8;Unnamed: 9;Unnamed: 10;Unnamed: 11;Unnamed: 12;Unnamed: 13;Unnamed: 14;Unnamed: 15;Unnamed: 16;Unnamed: 17;Unnamed: 18
0;;;;;;;;;;;;;;;;;;;
1;;;;;;;;;;;;;;;;;;;
2;;;;;;;;;;;;;;;;;;;
3;;1999.0;2000.0;2001.0;2002.0;2003.0;2004.0;2005.0;2006.0;2007.0;2008.0;2009.0;2010.0;2011.0;2012.0;2013.0;2014.0;2015.0;2016.0
4;Solde des régimes de base;;0.714;1.641;-3.665;-10.382;-11.527;-12.215351786;-9.20148825982;-11.35019715264;-12.42319889324;-22.06540712506;-25.53;-19.117;-15.099;-13.108;-9.273;-6.31;-3.147
5;Solde des régimes de base et du FSV ;;1.001;1.555;-5.018;-11.316;-12.166;-14.220351785999998;-10.46048825982;-11.19919715264;-11.61119889324;-25.227407125059997;-29.6;-22.566;-19.237;-15.963;-12.75;-10.216;-6.922
